instance,variant,seed,best_cost,gap_percent,elapsed_seconds,feasible,git_commit,n_routes,candidate_list_size,ls_mode,total_ls_applications,ls_per_iter,use_q0_schedule,q0_min,q0_max,rho,best_known
A-n32-k5,acs_baseline,0,947.2958852532599,20.828556792507648,0.11840670881792903,True,87a65c0,5,0,none,0,0.0,False,0.7,0.95,0.1,784.0
A-n32-k5,acs_baseline,1,1016.3133919796253,29.631810201482818,0.1323523330502212,True,87a65c0,5,0,none,0,0.0,False,0.7,0.95,0.1,784.0
A-n32-k5,acs_baseline,2,980.2533950953637,25.032320802980056,0.10496862488798797,True,87a65c0,5,0,none,0,0.0,False,0.7,0.95,0.1,784.0
A-n32-k5,acs_baseline,3,999.1142758624724,27.438045390621475,0.10648716683499515,True,87a65c0,5,0,none,0,0.0,False,0.7,0.95,0.1,784.0
A-n32-k5,acs_baseline,4,974.5869562842374,24.309560750540488,0.09988029208034277,True,87a65c0,5,0,none,0,0.0,False,0.7,0.95,0.1,784.0
A-n32-k5,acs_baseline,5,1035.8131560227791,32.1190250029055,0.09532291698269546,True,87a65c0,5,0,none,0,0.0,False,0.7,0.95,0.1,784.0
A-n32-k5,acs_baseline,6,1074.1617558678013,37.010428044362406,0.09483733284287155,True,87a65c0,5,0,none,0,0.0,False,0.7,0.95,0.1,784.0
A-n32-k5,acs_baseline,7,1021.4545306827588,30.2875676891274,0.0917490420397371,True,87a65c0,5,0,none,0,0.0,False,0.7,0.95,0.1,784.0
A-n32-k5,acs_baseline,8,1028.5782485640616,31.196205173987444,0.09144925000146031,True,87a65c0,5,0,none,0,0.0,False,0.7,0.95,0.1,784.0
A-n32-k5,acs_baseline,9,940.2352085104674,19.927960269192265,0.09254458290524781,True,87a65c0,5,0,none,0,0.0,False,0.7,0.95,0.1,784.0
A-n32-k5,acs_baseline,10,956.5651556169666,22.010861685837583,0.09167591715231538,True,87a65c0,5,0,none,0,0.0,False,0.7,0.95,0.1,784.0
A-n32-k5,acs_baseline,11,964.0645453022096,22.96741649262877,0.09116458310745656,True,87a65c0,5,0,none,0,0.0,False,0.7,0.95,0.1,784.0
A-n32-k5,acs_baseline,12,1005.0789035638998,28.198839740293337,0.0904604580719024,True,87a65c0,5,0,none,0,0.0,False,0.7,0.95,0.1,784.0
A-n32-k5,acs_baseline,13,943.7752492688069,20.37949608020496,0.0917746250052005,True,87a65c0,5,0,none,0,0.0,False,0.7,0.95,0.1,784.0
A-n32-k5,acs_baseline,14,1021.4545306827588,30.2875676891274,0.09121762495487928,True,87a65c0,5,0,none,0,0.0,False,0.7,0.95,0.1,784.0
A-n32-k5,acs_baseline,15,1061.178396867621,35.354387355563894,0.09171379101462662,True,87a65c0,5,0,none,0,0.0,False,0.7,0.95,0.1,784.0
A-n32-k5,acs_baseline,16,973.4987298555259,24.1707563591232,0.09625354083254933,True,87a65c0,5,0,none,0,0.0,False,0.7,0.95,0.1,784.0
A-n32-k5,acs_baseline,17,1017.4982992802188,29.782946336762606,0.1833385000936687,True,87a65c0,5,0,none,0,0.0,False,0.7,0.95,0.1,784.0
A-n32-k5,acs_baseline,18,1049.685794007816,33.88849413364999,0.09104866604320705,True,87a65c0,5,0,none,0,0.0,False,0.7,0.95,0.1,784.0
A-n32-k5,acs_baseline,19,1006.2785083821323,28.35185055894544,0.09185474994592369,True,87a65c0,5,0,none,0,0.0,False,0.7,0.95,0.1,784.0
A-n32-k5,acs_cl15,0,1022.0604074334292,30.36484788691699,0.07653729105368257,True,87a65c0,5,15,none,0,0.0,False,0.7,0.95,0.1,784.0
A-n32-k5,acs_cl15,1,1084.9097454559549,38.38134508366771,0.07665179087780416,True,87a65c0,5,15,none,0,0.0,False,0.7,0.95,0.1,784.0
A-n32-k5,acs_cl15,2,1055.6130296982303,34.64451909416203,0.07686774991452694,True,87a65c0,5,15,none,0,0.0,False,0.7,0.95,0.1,784.0
A-n32-k5,acs_cl15,3,1006.2785083821323,28.35185055894544,0.07686825003474951,True,87a65c0,5,15,none,0,0.0,False,0.7,0.95,0.1,784.0
A-n32-k5,acs_cl15,4,1022.464159757692,30.416346907868874,0.07679058308713138,True,87a65c0,5,15,none,0,0.0,False,0.7,0.95,0.1,784.0
A-n32-k5,acs_cl15,5,1021.695221073132,30.318267994021937,0.07694070902653039,True,87a65c0,5,15,none,0,0.0,False,0.7,0.95,0.1,784.0
A-n32-k5,acs_cl15,6,1054.4129228040922,34.49144423521584,0.07657929090783,True,87a65c0,5,15,none,0,0.0,False,0.7,0.95,0.1,784.0
A-n32-k5,acs_cl15,7,1005.2609816534278,28.222063986406614,0.07671066699549556,True,87a65c0,5,15,none,0,0.0,False,0.7,0.95,0.1,784.0
A-n32-k5,acs_cl15,8,1017.0695612327927,29.7282603613256,0.07655324996449053,True,87a65c0,5,15,none,0,0.0,False,0.7,0.95,0.1,784.0
A-n32-k5,acs_cl15,9,1021.4545306827588,30.2875676891274,0.09377358295023441,True,87a65c0,5,15,none,0,0.0,False,0.7,0.95,0.1,784.0
A-n32-k5,acs_cl15,10,1021.4545306827588,30.2875676891274,0.07658487488515675,True,87a65c0,5,15,none,0,0.0,False,0.7,0.95,0.1,784.0
A-n32-k5,acs_cl15,11,1030.4095472536824,31.42978919052071,0.07656308310106397,True,87a65c0,5,15,none,0,0.0,False,0.7,0.95,0.1,784.0
A-n32-k5,acs_cl15,12,1028.5445453952661,31.1919063004166,0.07921087485738099,True,87a65c0,5,15,none,0,0.0,False,0.7,0.95,0.1,784.0
A-n32-k5,acs_cl15,13,1019.6062735343559,30.05182060387192,0.07719083316624165,True,87a65c0,5,15,none,0,0.0,False,0.7,0.95,0.1,784.0
A-n32-k5,acs_cl15,14,1005.3721745541848,28.2362467543603,0.0788772078230977,True,87a65c0,5,15,none,0,0.0,False,0.7,0.95,0.1,784.0
A-n32-k5,acs_cl15,15,1021.4545306827588,30.2875676891274,0.07978787505999207,True,87a65c0,5,15,none,0,0.0,False,0.7,0.95,0.1,784.0
A-n32-k5,acs_cl15,16,1021.4545306827588,30.2875676891274,0.07821766682900488,True,87a65c0,5,15,none,0,0.0,False,0.7,0.95,0.1,784.0
A-n32-k5,acs_cl15,17,968.0145098167919,23.47123849703979,0.07887433306314051,True,87a65c0,5,15,none,0,0.0,False,0.7,0.95,0.1,784.0
A-n32-k5,acs_cl15,18,946.7127917207965,20.75418261744854,0.07919816602952778,True,87a65c0,5,15,none,0,0.0,False,0.7,0.95,0.1,784.0
A-n32-k5,acs_cl15,19,1015.7075152289549,29.554530003693223,0.07972729112952948,True,87a65c0,5,15,none,0,0.0,False,0.7,0.95,0.1,784.0
A-n32-k5,acs_cl15_ls2opt_fixed,0,999.0578463158499,27.430847744368613,0.08782320795580745,True,87a65c0,5,15,best,30,1.0,False,0.7,0.95,0.1,784.0
A-n32-k5,acs_cl15_ls2opt_fixed,1,1072.7430130241034,36.82946594695197,0.08711004187352955,True,87a65c0,5,15,best,30,1.0,False,0.7,0.95,0.1,784.0
A-n32-k5,acs_cl15_ls2opt_fixed,2,999.6325755141995,27.504155040076466,0.10867099999450147,True,87a65c0,5,15,best,30,1.0,False,0.7,0.95,0.1,784.0
A-n32-k5,acs_cl15_ls2opt_fixed,3,992.1155296137681,26.545348165021444,0.087235749932006,True,87a65c0,5,15,best,30,1.0,False,0.7,0.95,0.1,784.0
A-n32-k5,acs_cl15_ls2opt_fixed,4,998.4429449527627,27.352416448056466,0.08600458316504955,True,87a65c0,5,15,best,30,1.0,False,0.7,0.95,0.1,784.0
A-n32-k5,acs_cl15_ls2opt_fixed,5,990.5844567003846,26.350058252600085,0.08639708301052451,True,87a65c0,5,15,best,30,1.0,False,0.7,0.95,0.1,784.0
A-n32-k5,acs_cl15_ls2opt_fixed,6,1023.1527591090039,30.504178457781112,0.08678395906463265,True,87a65c0,5,15,best,30,1.0,False,0.7,0.95,0.1,784.0
A-n32-k5,acs_cl15_ls2opt_fixed,7,1000.4159827791643,27.6040794361179,0.08788791694678366,True,87a65c0,5,15,best,30,1.0,False,0.7,0.95,0.1,784.0
A-n32-k5,acs_cl15_ls2opt_fixed,8,1009.6168656416521,28.777661433884198,0.10088141611777246,True,87a65c0,5,15,best,30,1.0,False,0.7,0.95,0.1,784.0
A-n32-k5,acs_cl15_ls2opt_fixed,9,927.1278649905255,18.256105228383355,0.08603329211473465,True,87a65c0,5,15,best,30,1.0,False,0.7,0.95,0.1,784.0
A-n32-k5,acs_cl15_ls2opt_fixed,10,993.9286292691154,26.776610876162678,0.08675862499512732,True,87a65c0,5,15,best,30,1.0,False,0.7,0.95,0.1,784.0
A-n32-k5,acs_cl15_ls2opt_fixed,11,1023.7569731534668,30.581246575697296,0.08751674997620285,True,87a65c0,5,15,best,30,1.0,False,0.7,0.95,0.1,784.0
A-n32-k5,acs_cl15_ls2opt_fixed,12,1009.87959583167,28.811172937713014,0.0874721659347415,True,87a65c0,5,15,best,30,1.0,False,0.7,0.95,0.1,784.0
A-n32-k5,acs_cl15_ls2opt_fixed,13,992.1155296137681,26.545348165021444,0.08739849994890392,True,87a65c0,5,15,best,30,1.0,False,0.7,0.95,0.1,784.0
A-n32-k5,acs_cl15_ls2opt_fixed,14,992.1155296137681,26.545348165021444,0.10696754115633667,True,87a65c0,5,15,best,30,1.0,False,0.7,0.95,0.1,784.0
A-n32-k5,acs_cl15_ls2opt_fixed,15,1009.87959583167,28.811172937713014,0.08558591711334884,True,87a65c0,5,15,best,30,1.0,False,0.7,0.95,0.1,784.0
A-n32-k5,acs_cl15_ls2opt_fixed,16,994.8839716610203,26.89846577308932,0.08536679204553366,True,87a65c0,5,15,best,30,1.0,False,0.7,0.95,0.1,784.0
A-n32-k5,acs_cl15_ls2opt_fixed,17,1028.0418244827745,31.127783735047764,0.08564233290962875,True,87a65c0,5,15,best,30,1.0,False,0.7,0.95,0.1,784.0
A-n32-k5,acs_cl15_ls2opt_fixed,18,916.2650697244251,16.87054460770728,0.0853202089201659,True,87a65c0,5,15,best,30,1.0,False,0.7,0.95,0.1,784.0
A-n32-k5,acs_cl15_ls2opt_fixed,19,992.1155296137681,26.545348165021444,0.08619958418421447,True,87a65c0,5,15,best,30,1.0,False,0.7,0.95,0.1,784.0
A-n32-k5,acs_cl15_ls2opt_fixed_q0sched,0,912.242962170079,16.357520684959052,0.09051695792004466,True,87a65c0,5,15,best,30,1.0,True,0.7,0.95,0.1,784.0
A-n32-k5,acs_cl15_ls2opt_fixed_q0sched,1,1000.4159827791643,27.6040794361179,0.09141120803542435,True,87a65c0,5,15,best,30,1.0,True,0.7,0.95,0.1,784.0
A-n32-k5,acs_cl15_ls2opt_fixed_q0sched,2,946.3460869261653,20.707409046704758,0.09091066708788276,True,87a65c0,5,15,best,30,1.0,True,0.7,0.95,0.1,784.0
A-n32-k5,acs_cl15_ls2opt_fixed_q0sched,3,976.0521784292864,24.496451330266126,0.09148133383132517,True,87a65c0,5,15,best,30,1.0,True,0.7,0.95,0.1,784.0
A-n32-k5,acs_cl15_ls2opt_fixed_q0sched,4,976.0521784292864,24.496451330266126,0.09094054205343127,True,87a65c0,5,15,best,30,1.0,True,0.7,0.95,0.1,784.0
A-n32-k5,acs_cl15_ls2opt_fixed_q0sched,5,891.3141917646017,13.688034663852255,0.11321812495589256,True,87a65c0,5,15,best,30,1.0,True,0.7,0.95,0.1,784.0
A-n32-k5,acs_cl15_ls2opt_fixed_q0sched,6,1000.0335572221697,27.55530066609308,0.09042824991047382,True,87a65c0,5,15,best,30,1.0,True,0.7,0.95,0.1,784.0
A-n32-k5,acs_cl15_ls2opt_fixed_q0sched,7,921.4540172952618,17.532400165211964,0.09082954190671444,True,87a65c0,5,15,best,30,1.0,True,0.7,0.95,0.1,784.0
A-n32-k5,acs_cl15_ls2opt_fixed_q0sched,8,960.8752859717137,22.56062321067776,0.09277816698886454,True,87a65c0,5,15,best,30,1.0,True,0.7,0.95,0.1,784.0
A-n32-k5,acs_cl15_ls2opt_fixed_q0sched,9,916.1445578935411,16.855173200706773,0.09077408304437995,True,87a65c0,5,15,best,30,1.0,True,0.7,0.95,0.1,784.0
A-n32-k5,acs_cl15_ls2opt_fixed_q0sched,10,884.8517371049511,12.863741977672333,0.09179383399896324,True,87a65c0,5,15,best,30,1.0,True,0.7,0.95,0.1,784.0
A-n32-k5,acs_cl15_ls2opt_fixed_q0sched,11,998.4429449527629,27.352416448056495,0.09497874998487532,True,87a65c0,5,15,best,30,1.0,True,0.7,0.95,0.1,784.0
A-n32-k5,acs_cl15_ls2opt_fixed_q0sched,12,1022.1845971981596,30.380688418132607,0.09504329110495746,True,87a65c0,5,15,best,30,1.0,True,0.7,0.95,0.1,784.0
A-n32-k5,acs_cl15_ls2opt_fixed_q0sched,13,1027.1881537037104,31.01889715608552,0.09105395781807601,True,87a65c0,5,15,best,30,1.0,True,0.7,0.95,0.1,784.0
A-n32-k5,acs_cl15_ls2opt_fixed_q0sched,14,1000.4159827791643,27.6040794361179,0.09157108282670379,True,87a65c0,5,15,best,30,1.0,True,0.7,0.95,0.1,784.0
A-n32-k5,acs_cl15_ls2opt_fixed_q0sched,15,966.3440919482612,23.258174993400658,0.09458812489174306,True,87a65c0,5,15,best,30,1.0,True,0.7,0.95,0.1,784.0
A-n32-k5,acs_cl15_ls2opt_fixed_q0sched,16,986.6269918212313,25.845279569034602,0.11407374986447394,True,87a65c0,5,15,best,30,1.0,True,0.7,0.95,0.1,784.0
A-n32-k5,acs_cl15_ls2opt_fixed_q0sched,17,976.0521784292864,24.496451330266126,0.1000471250154078,True,87a65c0,5,15,best,30,1.0,True,0.7,0.95,0.1,784.0
A-n32-k5,acs_cl15_ls2opt_fixed_q0sched,18,1016.0457740275339,29.597675258614014,0.09401645790785551,True,87a65c0,5,15,best,30,1.0,True,0.7,0.95,0.1,784.0
A-n32-k5,acs_cl15_ls2opt_fixed_q0sched,19,998.7038016036031,27.385688980051416,0.09074075007811189,True,87a65c0,5,15,best,30,1.0,True,0.7,0.95,0.1,784.0
