instance,variant,n_runs,best_cost_mean,best_cost_std,best_cost_median,best_cost_min,best_cost_max,elapsed_mean,elapsed_std,elapsed_median,elapsed_min,elapsed_max,gap_mean,gap_median,gap_n,total_ls_applications_mean,ls_per_iter_mean
A-n32-k5,acs_baseline,30,1013.81031372652,33.62782364446965,1021.4925384695038,920.2707441050712,1084.7876837118238,0.09926102087677767,0.015056891308250967,0.09342733293306082,0.0906013329513371,0.1542677499819547,29.31254001613775,30.292415621110173,30,0.0,0.0
A-n32-k5,acs_cl15,30,1025.2468524860844,31.717434075088743,1029.477046324474,923.450573726018,1067.7166707854576,0.08068638745850573,0.00847626756311246,0.07814277114812285,0.07630095817148685,0.11143058398738503,30.771282204857744,31.310847745468642,30,0.0,0.0
A-n32-k5,acs_cl15_ls2opt_fixed,30,985.0881405271873,28.605389028926645,992.1914933178851,916.2650697244251,1015.60803098312,0.08987249457277358,0.008579277352621706,0.08728302037343383,0.08551599993370473,0.12188895884901285,25.648997516222888,26.555037412995556,30,30.0,1.0
A-n32-k5,acs_cl15_ls2opt_fixed_q0sched,30,975.078247825666,31.50184860513125,991.10424895436,912.242962170079,1009.87959583167,0.09830975407579293,0.012438396233272043,0.0941434579435736,0.09145199996419251,0.141922292066738,24.372225487967608,26.416358284994892,30,30.0,1.0
A-n32-k5,acs_clsqrtn_2opt_q0sched,30,958.9343523003457,52.56237559680322,987.6495820030366,824.5581156959953,1009.87959583167,0.08674405269169559,0.00816947218848186,0.08413064549677074,0.08217854099348187,0.11921850009821355,22.31305514035023,25.975711990183246,30,30.0,1.0
A-n32-k5,acs_nocl_2opt_q0sched,30,963.5886394773254,45.47663707574939,971.0518298254681,846.8283703885876,1023.1527591090039,0.10933000693718592,0.009668174426939177,0.10669831256382167,0.10465008299797773,0.14790050010196865,22.9067142190466,23.858651763452553,30,30.0,1.0
A-n34-k5,acs_baseline,30,879.2208464954576,6.144360427270113,879.3460679216146,869.8650898848844,888.3770569623348,0.11048325956022988,0.012935708243412683,0.10579110344406217,0.10358345811255276,0.1496257500257343,13.010391580392973,13.026486879384915,30,0.0,0.0
A-n34-k5,acs_cl15,30,880.3071821803078,6.007182717537434,879.9429375527975,869.728552632838,887.9006510427425,0.09071184311372539,0.008579986091314997,0.08816060447134078,0.08684891695156693,0.12228274997323751,13.150023416491974,13.10320534097655,30,0.0,0.0
A-n34-k5,acs_cl15_ls2opt_fixed,30,839.1077525594098,3.8579266076167364,841.4165037912867,830.4315927075738,843.415450664183,0.10197290557747087,0.010205552995608552,0.09815229196101427,0.09646129189059138,0.13394962484017015,7.854466909949868,8.15122156700343,30,30.0,1.0
A-n34-k5,acs_cl15_ls2opt_fixed_q0sched,30,839.2891531000531,4.158973200942924,841.4165037912867,830.2220598127839,845.7202580349212,0.1064111014129594,0.01142335390700421,0.10292889538686723,0.10109512507915497,0.1490835000295192,7.877783174814028,8.15122156700343,30,30.0,1.0
A-n34-k5,acs_clsqrtn_2opt_q0sched,30,841.013765052443,1.2691628647697477,841.4165037912867,837.4884547861147,842.2534791366677,0.09519591655116529,0.010390637843555636,0.09147664601914585,0.08760008309036493,0.13055104110389948,8.099455662267742,8.15122156700343,30,30.0,1.0
A-n34-k5,acs_nocl_2opt_q0sched,30,836.5649986481791,6.283796934080399,840.6790186721084,823.9187063415677,845.7202580349212,0.13450870557377737,0.02276117988763535,0.12006149999797344,0.11456166603602469,0.18542316602542996,7.5276347876837,8.056429135232449,30,30.0,1.0
A-n36-k5,acs_baseline,30,1036.3662859354722,13.565651918973396,1040.508603316585,994.9175669275671,1055.9884372564122,0.11153809579554945,0.0034304760504668395,0.11038714542519301,0.1089106670115143,0.12323445803485811,29.70792064273746,30.226358362526295,30,0.0,0.0
A-n36-k5,acs_cl15,30,1046.6297023551624,14.724865162122201,1046.33076118784,1018.47579660656,1070.3036370681186,0.09627702224534004,0.017613539002043307,0.09060708351898938,0.0890668339561671,0.16675633285194635,30.99245336109667,30.95503894716393,30,0.0,0.0
A-n36-k5,acs_cl15_ls2opt_fixed,30,990.7609505083565,13.562797977401639,998.3293260957129,959.933715992593,1007.7978058823271,0.10154352775619675,0.0016838680615500693,0.10091864562127739,0.09968549991026521,0.10634029214270413,24.000118962247356,24.94734994940086,30,30.0,1.0
A-n36-k5,acs_cl15_ls2opt_fixed_q0sched,30,985.0230927828082,11.903961810324214,981.501633908772,961.5373933653212,1002.1740181402096,0.10753650419258823,0.001874903035568636,0.10682589549105614,0.10490383300930262,0.11210141703486443,23.281989084206295,22.84125580835694,30,30.0,1.0
A-n36-k5,acs_clsqrtn_2opt_q0sched,30,981.8674638616626,18.428828949368707,977.4871423117186,918.8039167400639,1007.7978058823271,0.09924054866811881,0.00872975170309271,0.09770541707985103,0.09548837505280972,0.14521837513893843,22.88704178493898,22.33881630935151,30,30.0,1.0
A-n36-k5,acs_nocl_2opt_q0sched,30,981.7269186098522,17.27496800850524,981.6206999161536,929.9744636895869,1008.5742414869162,0.12786289167124779,0.0020134267460692437,0.12712868757080287,0.12595370784401894,0.13366133393719792,22.869451640782483,22.856157686627494,30,30.0,1.0
A-n37-k5,acs_baseline,30,877.8757478706066,20.457180361550787,874.309538078553,841.0485045101432,918.8712832174507,0.11583189443529894,0.0015429049790549722,0.11563022842165083,0.11229270906187594,0.12054879101924598,31.22208488349875,30.689019144776232,30,0.0,0.0
A-n37-k5,acs_cl15,30,891.3769706200777,19.134297196863503,899.8398299708853,844.141913948535,922.51739908871,0.093069783388637,0.00847937244364738,0.0911927295383066,0.09044695785269141,0.13751220819540322,33.240204875945864,34.50520627367493,30,0.0,0.0
A-n37-k5,acs_cl15_ls2opt_fixed,30,845.2091659519429,18.910934809240242,847.1876093398973,800.3843172789839,872.2908610481086,0.10592678752727806,0.0015194683732493806,0.10576881258748472,0.10322879208251834,0.11062270915135741,26.339187735716404,26.634919183841156,30,30.0,1.0
A-n37-k5,acs_cl15_ls2opt_fixed_q0sched,30,826.0602611329044,26.14015889004886,826.8135986407594,763.8212389938769,881.7512040892814,0.11157994428649545,0.0015677782545907252,0.1114213124383241,0.10868799989111722,0.11565358308143914,23.476870124499914,23.589476627916206,30,30.0,1.0
A-n37-k5,acs_clsqrtn_2opt_q0sched,30,836.2240063099036,17.721465397664154,836.5843786460375,790.8005942275121,870.0642118804668,0.10133889846814176,0.0013822387203784904,0.10100002062972635,0.09968274994753301,0.10734520805999637,24.99611454557601,25.049981860394247,30,30.0,1.0
A-n37-k5,acs_nocl_2opt_q0sched,30,817.1808112924638,25.31625114963765,817.8671022379867,770.959819905931,857.426739204001,0.135961615263174,0.007546254700596772,0.1346280415309593,0.1321207918226719,0.17541808309033513,22.149598100517725,22.252182696261094,30,30.0,1.0
A-n37-k6,acs_baseline,30,1187.552118722798,22.054594467430515,1187.0633736817342,1120.893958537619,1224.62430123412,0.11186065978836268,0.000720353515242401,0.11174320906866342,0.1108924588188529,0.11472262511961162,25.137209559831202,25.085708501763353,30,0.0,0.0
A-n37-k6,acs_cl15,30,1189.4340627585696,19.00999259946391,1188.2736645525406,1152.8580068430715,1231.0213828696492,0.09245802221509318,0.008041188634723029,0.09087893750984222,0.09008708409965038,0.13488374999724329,25.33551767740456,25.213241786358324,30,0.0,0.0
A-n37-k6,acs_cl15_ls2opt_fixed,30,1133.183437359672,12.785253616185656,1139.3642089483992,1096.193100638718,1149.4418687888476,0.09980156402258823,0.001156194008540995,0.09941224998328835,0.0979521251283586,0.10345358401536942,19.408159890376393,20.059452997723838,30,30.0,1.0
A-n37-k6,acs_cl15_ls2opt_fixed_q0sched,30,1118.8726414043088,17.886302992926264,1122.126513122068,1084.3289036915135,1139.9362699126932,0.10543792083238562,0.0008110700021260477,0.10556349949911237,0.10348475002683699,0.10751904104836285,17.900172961465614,18.24304669357936,30,30.0,1.0
A-n37-k6,acs_clsqrtn_2opt_q0sched,30,1117.9335507259102,24.821061406871785,1114.6215454769726,1038.674277985568,1166.9786707963897,0.09938482223854711,0.008072128020098919,0.09795214608311653,0.0966992499306798,0.1419366248883307,17.80121714709275,17.452217647731572,30,30.0,1.0
A-n37-k6,acs_nocl_2opt_q0sched,30,1116.4194488358482,28.125230045965036,1120.6472229138576,1050.7610141486248,1159.7275429005736,0.1271697083876158,0.0011339162338232685,0.12689389602746814,0.12542587495408952,0.13100341707468033,17.641670056464502,18.087167851829044,30,30.0,1.0
A-n38-k5,acs_baseline,30,898.0047279780297,34.35029167253332,896.445775167068,849.1855760124613,961.540814840859,0.12091812773918112,0.008222765036689039,0.11929764552041888,0.11845770804211497,0.16427745786495507,23.014346298360223,22.800791118776424,30,0.0,0.0
A-n38-k5,acs_cl15,30,920.2505213655611,32.32044081816793,928.4143644879427,849.7691681474626,968.0535737933773,0.09566989714900652,0.0009555251459803101,0.09530587494373322,0.09497312502935529,0.09953308384865522,26.061715255556305,27.180049929855173,30,0.0,0.0
A-n38-k5,acs_cl15_ls2opt_fixed,30,883.2545586864096,31.398076322056916,884.5736506773444,808.030978993506,938.761315893429,0.10703292794059963,0.00721149427995156,0.1055019999621436,0.10439991694875062,0.1447415000293404,20.99377516252185,21.17447269552664,30,30.0,1.0
A-n38-k5,acs_cl15_ls2opt_fixed_q0sched,30,865.1763855381715,26.812476119498918,863.7059298244003,814.464387131605,911.9250013375397,0.11150046803522855,0.0009850261322566203,0.1113602084806189,0.10945762484334409,0.1140132921282202,18.51731308742076,18.315880797863052,30,30.0,1.0
A-n38-k5,acs_clsqrtn_2opt_q0sched,30,886.2183617513451,22.329726802790113,885.5717211094184,829.1310128539881,924.3579587806594,0.10241098199039697,0.0041937636319169845,0.10161895852070302,0.10044908290728927,0.12443958292715251,21.399775582376048,21.311194672523058,30,30.0,1.0
A-n38-k5,acs_nocl_2opt_q0sched,30,858.6741583884035,19.66234667062458,858.5519812093479,819.1940454399457,887.990223971163,0.13704212209365021,0.008513282969366822,0.13541704148519784,0.13433237513527274,0.1819626661017537,17.626597039507338,17.609860439636698,30,30.0,1.0
A-n39-k5,acs_baseline,30,963.4703149607946,15.594874304846769,968.4084522310121,912.3678699269146,988.4659311968348,0.12697843610464285,0.0009071530311213466,0.12686012464109808,0.12565512512810528,0.13022587494924664,17.210500603503018,17.811247230050135,30,0.0,0.0
A-n39-k5,acs_cl15,30,970.8659170946805,12.274966531048305,972.4299718710962,941.7796545704291,995.5141007411105,0.10311076537861179,0.010711263365959442,0.09933662496041507,0.09797579096630216,0.14483054215088487,18.110208892296907,18.300483195997103,30,0.0,0.0
A-n39-k5,acs_cl15_ls2opt_fixed,30,914.604450269894,10.744219849231776,916.8576226498392,889.2640703034085,946.0742732125218,0.13641508754808457,0.040821344086511994,0.11954737501218915,0.11466745799407363,0.3111498751677573,11.265748208016312,11.53985677005343,30,30.0,1.0
A-n39-k5,acs_cl15_ls2opt_fixed_q0sched,30,916.623750663214,13.4380764347213,919.2128461025217,887.8314372943564,940.681894152872,0.12720439021941274,0.008701227097389574,0.12535018753260374,0.12010866589844227,0.15737099992111325,11.511405190172022,11.826380304443024,30,30.0,1.0
A-n39-k5,acs_clsqrtn_2opt_q0sched,30,908.3888869859586,16.393203882769782,906.3208971030394,881.0128164478665,951.4326915461002,0.12242614858939002,0.023480608738544875,0.11668947886209935,0.1103051658719778,0.24150400003418326,10.509596956929244,10.25801667920188,30,30.0,1.0
A-n39-k5,acs_nocl_2opt_q0sched,30,905.9323949928853,18.17589519067776,902.433332465589,881.0128164478665,940.7948752666894,0.15271846388932317,0.012046907396467797,0.14878056244924664,0.14687091601081192,0.2022729590535164,10.210753648769495,9.785076942285773,30,30.0,1.0
A-n39-k6,acs_baseline,30,1046.7573078591402,21.07077832376362,1044.4773347684004,1003.1217843142683,1080.8025386233846,0.13468882346836228,0.023660853859610687,0.12671785452403128,0.12423008307814598,0.2446544161066413,25.963574952965157,25.689209960096314,30,0.0,0.0
A-n39-k6,acs_cl15,30,1061.3462710213555,18.240553168866416,1065.2332590645,1029.5151818599536,1096.986523140179,0.09961482773069293,0.0008549373216342769,0.0993814580142498,0.09868512488901615,0.10272824997082353,27.719166187888742,28.18691444819497,30,0.0,0.0
A-n39-k6,acs_cl15_ls2opt_fixed,30,1031.6205309554623,24.667590673374885,1029.6730583746762,969.1324208859703,1069.1082064023055,0.10898926804463069,0.0007020231891402151,0.10887014598120004,0.1079288749024272,0.11164212506264448,24.14206148681857,23.907708589010383,30,30.0,1.0
A-n39-k6,acs_cl15_ls2opt_fixed_q0sched,30,1007.6222055855629,22.554059736911608,1003.1672021415519,960.656410749519,1045.7883008586325,0.11626089580822736,0.006969640239104277,0.11507050006184727,0.1141177921090275,0.15306320902891457,21.254176364086998,20.718074866612746,30,30.0,1.0
A-n39-k6,acs_clsqrtn_2opt_q0sched,30,1012.486652974157,29.60657046858065,1020.2468826278496,953.2796104120871,1083.0579515867933,0.10645692788530141,0.004030049543295857,0.10563627036754042,0.10421866597607732,0.12715116702020168,21.839549094363054,22.773391411293563,30,30.0,1.0
A-n39-k6,acs_nocl_2opt_q0sched,30,1010.4523184762661,25.529269098827314,1012.0972902931588,953.2796104120871,1054.7630597356977,0.1429540985962376,0.008339157080996695,0.14073877048213035,0.13940495788119733,0.184193667024374,21.594743498949004,21.792694379441496,30,30.0,1.0
A-n44-k6,acs_baseline,30,1127.2347100241304,25.534902201354107,1129.5687074866116,1044.3281901234357,1167.6794357205001,0.16044802914839237,0.012907103212837298,0.1553139790194109,0.15375679195858538,0.2157182921655476,20.302530418797243,20.55162299750391,30,0.0,0.0
A-n44-k6,acs_cl15,30,1127.2818400996807,30.90405749860449,1132.0427923208722,1057.6872201023853,1173.100042737506,0.11823342077744504,0.004857747071816136,0.11628002056386322,0.11524720815941691,0.1346123330295086,20.307560309464336,20.81566620286791,30,0.0,0.0
A-n44-k6,acs_cl15_ls2opt_fixed,30,1072.85260607999,24.228240361383808,1073.9091680610384,1020.8690186480148,1124.7319303558913,0.1318683097915103,0.009785372646997267,0.1286223130300641,0.12652241601608694,0.17486191703937948,14.498677276413032,14.611437359769303,30,30.0,1.0
A-n44-k6,acs_cl15_ls2opt_fixed_q0sched,30,1054.213578989647,23.527362216525425,1060.1387887494272,1011.0820818027335,1096.4724175429676,0.1398481681322058,0.008882667103891788,0.13680720864795148,0.13446283293887973,0.18039916595444083,12.509453467411626,13.141813100259043,30,30.0,1.0
A-n44-k6,acs_clsqrtn_2opt_q0sched,30,1053.633511900473,23.55763644745626,1057.681540197943,1004.0992810145798,1082.8337289874335,0.13287302202079446,0.025443794817960712,0.1266607705038041,0.12565316609106958,0.2598222498781979,12.447546627585131,12.879566723366374,30,30.0,1.0
A-n44-k6,acs_nocl_2opt_q0sched,30,1058.0409696607148,21.394123193056664,1058.4491030375073,1010.3844061530361,1103.3766231325367,0.17353100272205968,0.0008623667839066658,0.1736979583511129,0.1721728330012411,0.17618562490679324,12.917926324515982,12.961483782017849,30,30.0,1.0
A-n45-k6,acs_baseline,30,1184.1858970718035,24.924722529439997,1188.734325410952,1125.245141454394,1222.3964761326722,0.1688829930421586,0.015973298592941054,0.16326862503774464,0.15800108294934034,0.2214600839652121,25.44342129997922,25.925246335905932,30,0.0,0.0
A-n45-k6,acs_cl15,30,1184.3017610845952,25.016272677468386,1189.5295236849956,1139.8607046397156,1218.3895042824793,0.123237808366927,0.00804102607305439,0.12151312548667192,0.11915787495672703,0.16497079096734524,25.455695030147773,26.009483441207173,30,0.0,0.0
A-n45-k6,acs_cl15_ls2opt_fixed,30,1126.8912261310509,25.073585269391312,1117.7538937599475,1088.2916490251932,1179.5903399294389,0.13269649317177634,0.00354803824244435,0.13180458347778767,0.13038983289152384,0.15008941711857915,19.37407056472997,18.406132813553754,30,30.0,1.0
A-n45-k6,acs_cl15_ls2opt_fixed_q0sched,30,1105.5194874773554,23.073296197811437,1104.4052316602745,1036.8384374769587,1147.3797264952623,0.14922928191566218,0.040677464969447345,0.13916772953234613,0.13696116604842246,0.35651929094456136,17.110115198872403,16.992079625029074,30,30.0,1.0
A-n45-k6,acs_clsqrtn_2opt_q0sched,30,1105.0642035972603,21.95577486210864,1104.400058505525,1051.6875079020947,1161.1505308476465,0.1300628860713914,0.00860280230159966,0.12831029144581407,0.1263498340267688,0.17512358305975795,17.06188597428607,16.99153162134798,30,30.0,1.0
A-n45-k6,acs_nocl_2opt_q0sched,30,1113.7610076140077,26.665385657170724,1112.0014224387216,1059.8334020017253,1174.9204110724263,0.18122852499751996,0.008115223071256606,0.17921947897411883,0.1774163329973817,0.22333295783028007,17.98315758622964,17.796760851559494,30,30.0,1.0
X-n101-k25,acs_baseline,30,36620.04456130082,619.4157452069578,36460.91019441954,35236.90166308343,37743.14439063691,0.596240750211291,0.020519187750176818,0.5893966880394146,0.5853289591614157,0.6784797089640051,,,0,0.0,0.0
X-n101-k25,acs_cl15,30,37030.006355992446,701.2123593953131,37092.741991755385,35968.916572154485,38313.631276207765,0.42925797067582605,0.01849089810049096,0.42196593747939914,0.4184234580025077,0.48093670792877674,,,0,0.0,0.0
X-n101-k25,acs_cl15_ls2opt_fixed,30,36226.52359641657,665.8234693125436,36314.63129039123,35248.05044105698,37325.96751910567,0.44025072921067476,0.015379522221174037,0.4349712289404124,0.4312735840212554,0.4941288339905441,,,0,30.0,1.0
X-n101-k25,acs_cl15_ls2opt_fixed_q0sched,30,36105.3607364094,520.1103259013408,36067.66691819421,34726.97760450432,37199.75984467696,0.4647533195403715,0.02431577063193788,0.45354216708801687,0.4467583338264376,0.5315079160500318,,,0,30.0,1.0
X-n101-k25,acs_clsqrtn_2opt_q0sched,30,35574.65863134601,654.0115909085335,35669.879766533195,33618.73516877886,36591.79214970823,0.457577786128968,0.01293264323962156,0.4536941044498235,0.44933933299034834,0.5138910410460085,,,0,30.0,1.0
X-n101-k25,acs_nocl_2opt_q0sched,30,35564.40405978916,564.9104410577403,35615.82080424625,34210.121195806314,36570.392740706804,0.6250532110221684,0.013659826131929825,0.6203816045308486,0.6155935830902308,0.6740191250573844,,,0,30.0,1.0
X-n106-k14,acs_baseline,30,28207.762242130044,125.88035348833182,28177.064206192917,27997.633941065997,28434.916663484815,0.7726344667375088,0.014606919764417253,0.7677847498562187,0.7619320421945304,0.8228235419373959,,,0,0.0,0.0
X-n106-k14,acs_cl15,30,28107.901171394817,137.5805220768866,28088.84814222608,27882.10219244765,28416.905725800956,0.47066835266693186,0.04313554929066067,0.454709604033269,0.44794795801863074,0.650835582986474,,,0,0.0,0.0
X-n106-k14,acs_cl15_ls2opt_fixed,30,27661.153809070725,152.40572130141328,27718.107095121028,27280.808577251577,27853.647531955176,0.49849554159833737,0.018716609417721772,0.49124631250742823,0.4820638750679791,0.548966082977131,,,0,30.0,1.0
X-n106-k14,acs_cl15_ls2opt_fixed_q0sched,30,27707.885541072133,103.1545476991048,27734.90057872991,27328.06022777779,27866.668042075697,0.522194945688049,0.020620027802266204,0.511498271021992,0.5050647081807256,0.5643884579185396,,,0,30.0,1.0
X-n106-k14,acs_clsqrtn_2opt_q0sched,30,27718.91625567899,122.12277996452609,27716.587747144436,27465.07386599471,27953.80630471419,0.5239781444116185,0.03812812637665337,0.5042908961186185,0.49560512509196997,0.6564330421388149,,,0,30.0,1.0
X-n106-k14,acs_nocl_2opt_q0sched,30,27798.382385439083,113.98925196179185,27813.66455158229,27545.701709174053,28021.44247004225,0.8600197876182695,0.03547054961807075,0.8454236459219828,0.8285362089518458,0.985212333034724,,,0,30.0,1.0
X-n110-k13,acs_baseline,30,17425.46792322223,222.9924283009551,17428.33794979846,16933.062102372365,17816.624237320397,0.8404768790894498,0.029892493504832626,0.8402524585835636,0.7956809580791742,0.9074561661109328,,,0,0.0,0.0
X-n110-k13,acs_cl15,30,17335.652659590673,180.4908002553648,17308.868890379606,16995.152852008203,17623.267428769705,0.45242041810415684,0.0157426854937173,0.4457664788933471,0.4416048750281334,0.503590458072722,,,0,0.0,0.0
X-n110-k13,acs_cl15_ls2opt_fixed,30,16678.787406988024,188.12274374006722,16689.281701097018,16069.401312231086,16972.929100960613,0.4906499903804312,0.013854481322036427,0.485214437590912,0.47937333304435015,0.5366866670083255,,,0,30.0,1.0
X-n110-k13,acs_cl15_ls2opt_fixed_q0sched,30,16623.18322373298,232.9803072233724,16698.886657679417,16075.935877530203,17007.949785035817,0.5115814334402482,0.022276976013373886,0.5033548956271261,0.4988592090085149,0.5975559998769313,,,0,30.0,1.0
X-n110-k13,acs_clsqrtn_2opt_q0sched,30,16726.452532536892,157.66284620949324,16754.96494537172,16231.266466661637,17011.58090503813,0.5015507028748591,0.014478565491075616,0.49438674945849925,0.4873567910399288,0.543324583908543,,,0,30.0,1.0
X-n110-k13,acs_nocl_2opt_q0sched,30,16858.217003369035,209.375020545909,16883.477250783446,16500.66146090074,17257.737634326015,0.871233586066713,0.01619647568378227,0.8650093750329688,0.8567146670538932,0.9272980829700828,,,0,30.0,1.0
X-n115-k10,acs_baseline,30,17066.11941274378,380.280470364183,17088.42636005204,16327.269010340638,17904.88348829192,0.8198424333473667,0.017352932630881075,0.8104001455940306,0.8010394580196589,0.8677334170788527,,,0,0.0,0.0
X-n115-k10,acs_cl15,30,16893.11897834179,370.61759574149005,16924.403141711788,15803.0759640511,17533.55960467479,0.4570427762965361,0.0190781968334108,0.44793281296733767,0.44569012499414384,0.5135543749202043,,,0,0.0,0.0
X-n115-k10,acs_cl15_ls2opt_fixed,30,15989.865351750244,414.90140179965476,16032.642986624225,15022.285908916072,16955.479687046703,0.6808194749755785,0.028791400521593898,0.6703599790344015,0.6455682499799877,0.7572719170711935,,,0,30.0,1.0
X-n115-k10,acs_cl15_ls2opt_fixed_q0sched,30,16257.417410374363,314.9849197533052,16292.411027735183,15373.782826110137,16827.6995920288,0.7352175375213846,0.03167407729005732,0.731530916527845,0.6785809579305351,0.8114514579065144,,,0,30.0,1.0
X-n115-k10,acs_clsqrtn_2opt_q0sched,30,16150.785600437643,338.09665573522165,16257.358954473719,15077.051228364286,16725.785203440024,0.7042495345852028,0.031670025776330574,0.6942766460124403,0.6618453750852495,0.7906247500795871,,,0,30.0,1.0
X-n115-k10,acs_nocl_2opt_q0sched,30,16451.786364316427,327.14831392025087,16447.10557112261,15666.051781534057,17187.462592376505,1.1264085305777067,0.04144346177408386,1.1221725834766403,1.0647013331763446,1.2613425420131534,,,0,30.0,1.0
X-n120-k6,acs_baseline,30,15276.100218539328,177.14041911727045,15240.093320895576,14857.315572788119,15570.442663435999,0.9606360818725079,0.019847611654078574,0.9507432705722749,0.9439370420295745,1.012261083116755,,,0,0.0,0.0
X-n120-k6,acs_cl15,30,15254.75646615529,178.35405032325448,15204.94214699766,14921.505611848132,15590.714468730046,0.5049165610068788,0.02377822860942532,0.4958988125436008,0.48776879208162427,0.5914484579116106,,,0,0.0,0.0
X-n120-k6,acs_cl15_ls2opt_fixed,30,14634.523700808188,75.95986008824572,14606.851493593469,14519.758490076487,14801.691741212646,0.8593785917696853,0.03339802318712027,0.8507704375078902,0.8028425839729607,0.9405420001130551,,,0,30.0,1.0
X-n120-k6,acs_cl15_ls2opt_fixed_q0sched,30,14651.889855695883,84.1617108836486,14659.529705592598,14377.76961561207,14783.433689455735,0.870808648574166,0.03214477360485918,0.8683498544851318,0.8256035000085831,0.9549604170024395,,,0,30.0,1.0
X-n120-k6,acs_clsqrtn_2opt_q0sched,30,14662.271537435856,79.66476667054141,14670.534578536608,14524.526981215213,14827.15144362591,0.8367855917429552,0.02383349874646757,0.8374465625965968,0.7924650420900434,0.8801477919332683,,,0,30.0,1.0
X-n120-k6,acs_nocl_2opt_q0sched,30,14726.428694429245,107.6413836219861,14706.967061575086,14522.488177124014,15041.229863893483,1.339964311135312,0.03584080978349855,1.3267873539589345,1.2970439170021564,1.4312559589743614,,,0,30.0,1.0
